{"cameraMode":{"drawMode":0,"name":"Shaded","section":"Shading Mode"},"sceneLighting":true,"audioPlay":false,"sceneViewState":{"m_AlwaysRefresh":false,"showFog":true,"showSkybox":false,"showFlares":true,"showImageEffects":true,"showParticleSystems":true,"showVisualEffectGraphs":true,"m_FxEnabled":true},"in2DMode":false,"pivot":{"x":1.0587291717529297,"y":4.844075679779053,"z":0.5336446762084961},"rotation":{"x":-0.01766245625913143,"y":0.07282201200723648,"z":-0.0012836831156164408,"w":-0.9972043633460999},"size":10.865166664123536,"orthographic":false}