{"cameraMode":{"drawMode":0,"name":"Shaded","section":"Shading Mode"},"sceneLighting":true,"audioPlay":false,"sceneViewState":{"m_AlwaysRefresh":false,"showFog":true,"showSkybox":false,"showFlares":true,"showImageEffects":true,"showParticleSystems":true,"showVisualEffectGraphs":true,"m_FxEnabled":true},"in2DMode":false,"pivot":{"x":273.25848388671877,"y":18.071989059448243,"z":-76.76689147949219},"rotation":{"x":0.08777414262294769,"y":0.11687179654836655,"z":-0.010370206087827683,"w":0.9892081618309021},"size":40.39414596557617,"orthographic":false}