{"cameraMode":{"drawMode":0,"name":"Shaded","section":"Shading Mode"},"sceneLighting":true,"audioPlay":false,"sceneViewState":{"m_AlwaysRefresh":false,"showFog":true,"showSkybox":false,"showFlares":true,"showImageEffects":true,"showParticleSystems":true,"showVisualEffectGraphs":true,"m_FxEnabled":true},"in2DMode":false,"pivot":{"x":-66.95134735107422,"y":3.2488322257995607,"z":-47.54301452636719},"rotation":{"x":0.004489209037274122,"y":-0.08360645174980164,"z":-0.000326929846778512,"w":-0.9965242743492127},"size":3.454965591430664,"orthographic":false}