{"cameraMode":{"drawMode":0,"name":"Shaded","section":"Shading Mode"},"sceneLighting":true,"audioPlay":false,"sceneViewState":{"m_AlwaysRefresh":false,"showFog":true,"showSkybox":false,"showFlares":true,"showImageEffects":true,"showParticleSystems":true,"showVisualEffectGraphs":true,"m_FxEnabled":true},"in2DMode":false,"pivot":{"x":-61.56672668457031,"y":3.8239059448242189,"z":-3.1185760498046877},"rotation":{"x":-0.08091233670711518,"y":-0.005679696332663298,"z":0.0005065312143415213,"w":-0.9967427849769592},"size":108.49321746826172,"orthographic":false}