{"cameraMode":{"drawMode":0,"name":"Shaded","section":"Shading Mode"},"sceneLighting":true,"audioPlay":false,"sceneViewState":{"m_AlwaysRefresh":false,"showFog":true,"showSkybox":true,"showFlares":true,"showImageEffects":true,"showParticleSystems":true,"showVisualEffectGraphs":true,"m_FxEnabled":true},"in2DMode":false,"pivot":{"x":7.110045909881592,"y":-11.747859001159668,"z":-156.86338806152345},"rotation":{"x":-0.3411659598350525,"y":0.027346497401595117,"z":-0.009929399006068707,"w":-0.9395561218261719},"size":25.626604080200197,"orthographic":false}