{"cameraMode":{"drawMode":0,"name":"Shaded","section":"Shading Mode"},"sceneLighting":true,"audioPlay":false,"sceneViewState":{"m_AlwaysRefresh":false,"showFog":true,"showSkybox":false,"showFlares":true,"showImageEffects":true,"showParticleSystems":true,"showVisualEffectGraphs":true,"m_FxEnabled":true},"in2DMode":false,"pivot":{"x":-88.48590087890625,"y":6.988740921020508,"z":-142.28472900390626},"rotation":{"x":0.22451525926589967,"y":-0.023682262748479844,"z":0.005331701133400202,"w":0.974217414855957},"size":28.490320205688478,"orthographic":false}