{"cameraMode":{"drawMode":0,"name":"Shaded","section":"Shading Mode"},"sceneLighting":true,"audioPlay":false,"sceneViewState":{"m_AlwaysRefresh":false,"showFog":true,"showSkybox":false,"showFlares":true,"showImageEffects":true,"showParticleSystems":true,"showVisualEffectGraphs":true,"m_FxEnabled":true},"in2DMode":false,"pivot":{"x":16.25046730041504,"y":14.433046340942383,"z":-62.31306076049805},"rotation":{"x":-0.04289509728550911,"y":0.11870945990085602,"z":-0.005099767819046974,"w":-0.9920240044593811},"size":2.5355517864227297,"orthographic":false}