{"cameraMode":{"drawMode":0,"name":"Shaded","section":"Shading Mode"},"sceneLighting":true,"audioPlay":false,"sceneViewState":{"m_AlwaysRefresh":false,"showFog":true,"showSkybox":false,"showFlares":true,"showImageEffects":true,"showParticleSystems":true,"showVisualEffectGraphs":true,"m_FxEnabled":true},"in2DMode":false,"pivot":{"x":261.11737060546877,"y":33.793853759765628,"z":6.301277160644531},"rotation":{"x":-0.020699385553598405,"y":-0.027894530445337297,"z":0.0006056278361938894,"w":-0.999440610408783},"size":109.02423095703125,"orthographic":false}